No,module,kind,object class id,Oject Class term,Level,Card,attribute id,Property term,Representation term qualifier,Representation term,Associated Object Class,Semantic data type,Description,Type,Oject Class term (entity),Property term (attribute),Representation term (domain),Ref. Object Class,Ref. Property,Tag
2,Base,ABIE,BS01,Business Segment,1,--,0,Details,,,,,"The BAS_Business_Segment [BasBusSg] and the BAS_Business_Segment_Hierarchy [BasBusSgHrchy] have been designed to tabularize the portions of an organizational chart that is reflected in the business transactions as structural units e.g. business unit, department, cost center and project).The fields within the BAS_Business_Segment [BasBusSg] are used to capture the individual organizational unit represented by each box on an organizational diagram.",E,BAS BUSINESS SEGMENT,,,,,BasBusSg
3,Base,IDBIE,BS01,Business Segment,2,1..1,1,Business Segment Code,,Identifier,,PK,Code for each business segment.,A,BAS BUSINESS SEGMENT,Business Segment Code,IDENTIFIER 25,,,BusSgCd
4,Base,BBIE,BS01,Business Segment,2,0..1,2,Business Segment Name,,Text,,Text,Name of the business segment.,A,BAS BUSINESS SEGMENT,Business Segment Name,NAME 25,,,BusSgNm
5,Base,BBIE,BS01,Business Segment,2,0..1,3,Segment Reference Level,,Code,,Code,"Relative level of the segment, with 1 being the consolidated level and the numbers increasing through the lower levels of the organizational chart.",A,BAS BUSINESS SEGMENT,Segment Reference Level,REFERENCE LEVEL,,,SgRefLevel
6,Base,BBIE,BS01,Business Segment,2,0..1,4,Organization Type Name,,Text,,Text,"Indicates the name of the organization type (e.g. department, cost centre).",A,BAS BUSINESS SEGMENT,Organization Type Name,NAME 60,,,OrgTypNm
7,Base,ABIE,BS02,Business Segment Hierarchy,1,--,0,Details,,,,,"The fields in the BAS_Business_Segment_Hierarchy [BasBusSgHrchy] are used to capture the relationships between the individual organization units. The table assumes a one to one relationship and captures the data necessary to consolidate transactions occurring for child level organizational units into higher level organizational structures (for example, business unit to division).",E,BAS BUSINESS SEGMENT HIERARCHY,,,,,BasBusSgHrchy
8,Base,RFBIE,BS02,Business Segment Hierarchy,2,1..1,1,Parent Code,,,Business Segment,REF,Code for the parent business segment.Shall match the Business_Segment_Code [BusSgCd] in the BAS_Business_Segment [BasBusSg] table.,A,BAS BUSINESS SEGMENT HIERARCHY,Parent Code,IDENTIFIER 25,BAS BUSINESS SEGMENT,Business Segment Code,ParCd
9,Base,RFBIE,BS02,Business Segment Hierarchy,2,1..1,2,Child Code,,,Business Segment,REF,Code for the child business segment.Shall match the Business_Segment_Code [BusSgCd] in the BAS_Business_Segment [BasBusSg] table.,A,BAS BUSINESS SEGMENT HIERARCHY,Child Code,IDENTIFIER 25,BAS BUSINESS SEGMENT,Business Segment Code,ChildCd
10,Base,ABIE,BS03,Employee,1,--,0,Details,,,,,Contains the personnel information of the employee in an independent accounting unit.,E,BAS EMPLOYEE,,,,,BasEmp
11,Base,IDBIE,BS03,Employee,2,1..1,1,Employee ID,,Identifier,,PK,Unique identifier for an employee. Typically auto-generated by the system.,A,BAS EMPLOYEE,Employee ID,IDENTIFIER 60,,,EmpId
12,Base,BBIE,BS03,Employee,2,0..1,2,Employee Code,,Text,,Text,"Code for the employee. Each employee has only one code. If someone has part-time jobs in multiple departments, there will be more than one record with different Employee_ID [EmpId] in this table. The part time status will be reflected in Employee_Type_Code [EmpTypCd].",A,BAS EMPLOYEE,Employee Code,TEXT 60,,,EmpCd
13,Base,BBIE,BS03,Employee,2,0..1,3,Employee Name,,Text,,Text,The name of the employee.,A,BAS EMPLOYEE,Employee Name,NAME 100,,,EmpNm
14,Base,BBIE,BS03,Employee,2,0..1,4,Inactive Flag,,Indicator,,Indicator,Indicates whether one employee is active or inactive.An employee can become inactive due to various reasons (e.g taking a sabbatical).,A,BAS EMPLOYEE,Inactive Flag,BOOLEAN,,,InactiveFlag
15,Base,BBIE,BS03,Employee,2,0..1,5,Employee Type Code,,Text,,Text,"Code for the employee type. EXAMPLE 004 is an on-the job employee, 005 is a retired employee, 006 is a deceased employee, 007 is a part-time employee.  ",A,BAS EMPLOYEE,Employee Type Code,TEXT 60,,,EmpTypCd
16,Base,BBIE,BS03,Employee,2,0..1,6,Employee Type Name,,Text,,Text,"Name of the employee type. EXAMPLE Employed, retired, probation, part-time.",A,BAS EMPLOYEE,Employee Type Name,TEXT 60,,,EmpTypNm
17,Base,RFBIE,BS03,Employee,2,0..1,7,Department Code,,,Business Segment,REF,"Code for department rosters. EXAMPLE The department name is IT department, the code is 0018. Shall match the Business_Segment_Code [BusSgCd] in the BAS_Business_Segment [BasBusSg] table.",A,BAS EMPLOYEE,Department Code,IDENTIFIER 25,BAS BUSINESS SEGMENT,Business Segment Code,DepCd
18,Base,BBIE,BS03,Employee,2,0..1,8,Employee Job Title,,Text,,Text,Job title of the person in an accounting unit.EXAMPLE Accounting manager.,A,BAS EMPLOYEE,Employee Job Title,TEXT 60,,,EmpJobTitle
19,Base,BBIE,BS03,Employee,2,0..1,9,Employee Academic Degree,,Text,,Text,"Highest academic degree acquired.EXAMPLE Doctor, Master.",A,BAS EMPLOYEE,Employee Academic Degree,TEXT 60,,,EmpAcadDegree
20,Base,BBIE,BS03,Employee,2,0..1,10,Employment Date,,Date,,Date,Employment date of the employee.,A,BAS EMPLOYEE,Employment Date,DATE,,,EmplmntDt
21,Base,BBIE,BS03,Employee,2,0..1,11,Termination Date,,Date,,Date,"Termination date of the employee from which the labor contract was no longer valid, or the employee no longer works in this department.",A,BAS EMPLOYEE,Termination Date,DATE,,,TerminationDt
22,Base,RFBIE,BS03,Employee,2,0..1,12,Recorded,,,User,REF,System user ID associated with the employee. Shall match the User_ID [UserId] in the BAS_User [BasUser] table.,A,BAS EMPLOYEE,User ID,IDENTIFIER 25,BAS USER,User ID,UserId
23,Base,ABIE,BS04,User,1,--,0,Details,,,,,Contains the user information of accounting and/or ERP system.,E,BAS USER,,,,,BasUser
24,Base,IDBIE,BS04,User,2,1..1,1,Identification,,Identifier,,PK,"Unique identifier for individuals entering transactions into the accounting and/or ERP system.Typically auto-generated by the system.This field is used to join information in this table to other tables based on fields such as Created_User_ID, Last_Modified_User_ID, Approved_User_ID and Posted_User_ID.",A,BAS USER,User ID,IDENTIFIER 25,,,UserId
25,Base,BBIE,BS04,User,2,0..1,2,User Active Status,,Indicator,,Indicator,"Indicates whether the status of the user is active or inactive.A user can become inactive due to retirement, dismissal or termination, etc.EXAMPLE   1 is active, 0 is inactive.",A,BAS USER,User Active Status,BOOLEAN,,,UserActiveStat
26,Base,BBIE,BS04,User,2,0..1,3,User Status Modified Date,,Date,,Date,Modified date of the user's activation or termination status.,A,BAS USER,User Status Modified Date,DATE,,,UserStatMdfDt
27,Base,BBIE,BS04,User,2,0..1,4,User Name,,Text,,Text,Name of the user.,A,BAS USER,User Name,NAME 100,,,UserNm
28,Base,BBIE,BS04,User,2,0..1,5,User Job Title,,Text,,Text,Job title of the person in the system.EXAMPLE   System manager.,A,BAS USER,User Job Title,TEXT 100,,,UserJobTitle
29,Base,RFBIE,BS04,User,2,0..1,6,Department Code,,,Business Segment,REF,"Code for department rosters.EXAMPLE   The department name is IT department, the code is 0018.Shall match the Business_Segment_Code [BusSgCd] in the BAS_Business_Segment [BasBusSg] table.",A,BAS USER,Department Code,IDENTIFIER 25,BAS BUSINESS SEGMENT,Business Segment Code,DepCd
30,Base,BBIE,BS04,User,2,0..1,7,User Role Responsibility,,Text,,Text,Free-form description of the individual's functional role or primary responsibility.EXAMPLE   Responsibility related to managing the information of AP in the system.,A,BAS USER,User Role Responsibility,TEXT 100,,,UserRoleResp
31,Base,ABIE,BS05,Customer Type,1,--,0,Details,,,,,Contains detailed descriptions of the customer type.,E,BAS CUSTOMER TYPE,,,,,BasCustTyp
32,Base,IDBIE,BS05,Customer Type,2,1..1,1,Identification,,Identifier,,PK,Unique identifier for the customer type. Typically auto-generated by the system.,A,BAS CUSTOMER TYPE,Customer Type ID,IDENTIFIER 60,,,CustTypId
33,Base,BBIE,BS05,Customer Type,2,0..1,2,Customer Type Code,,Code,,Code,"Code for the customer type.EXAMPLE   004 is a platinum customer, 005 is a gold customer, 006 is a silver customer. Customer_Type_Code [CustTypCd] and Customer_Type_Name [CustTypNm] are not necessarily related.",A,BAS CUSTOMER TYPE,Customer Type Code,CUSTOMER TYPE CODE,,,CustTypCd
34,Base,BBIE,BS05,Customer Type,2,0..1,3,Customer Type Name,,Text,,Text,"Name of the type categorized by the customer attributes.EXAMPLE   Platinum customer, gold customer, silver customer.",A,BAS CUSTOMER TYPE,Customer Type Name,NAME 80,,,CustTypNm
35,Base,RFBIE,BS05,Customer Type,2,0..1,4,Parent Customer Type ID,,,Customer Type,REF,Unique identifier for the parent customer type.Typically auto-generated by the system.Shall match the Customer_Type_ID [CustTypId] in the BAS_Customer_Type [BasCustTyp] table.,A,BAS CUSTOMER TYPE,Parent Customer Type ID,IDENTIFIER 60,BAS CUSTOMER TYPE,Customer Type ID,ParCustTypId
36,Base,ABIE,BS06,Customer,1,--,0,Details,,,,,Contains essential and generic information of the customers.,E,BAS CUSTOMER,,,,,BasCust
37,Base,IDBIE,BS06,Customer,2,1..1,1,Identification,,Identifier,,PK,Unique identifier for the customer. Typically auto-generated by the system.,A,BAS CUSTOMER,Customer Account ID,IDENTIFIER 100,,,CustAcntId
38,Base,BBIE,BS06,Customer,2,0..1,2,Customer Account Number,,Identifier,,Code,Number of the customer. This number is either generated by manual input or generated by the system.,A,BAS CUSTOMER,Customer Account Number,IDENTIFIER 100,,,CustAcntNr
39,Base,BBIE,BS06,Customer,2,0..1,3,Customer Account Name,,Text,,Text,Name of the customer.,A,BAS CUSTOMER,Customer Account Name,NAME 200,,,CustAcntNm
40,Base,BBIE,BS06,Customer,2,0..1,4,Customer Abbreviation,,Text,,Text,Abbreviation of the customer's name.,A,BAS CUSTOMER,Customer Abbreviation,NAME 100,,,CustAbrv
41,Base,RFBIE,BS06,Customer,2,0..1,5,Parent Customer ID,,,Customer,REF,Unique identifier for the parent customer.Shall match the Customer_Account_ID [CustAcntId] in the BAS_Customer [BasCust] table.,A,BAS CUSTOMER,Parent Customer ID,IDENTIFIER 100,BAS CUSTOMER,Customer Account ID,ParCustId
42,Base,RFBIE,BS06,Customer,2,0..1,6,Corresponding Supplier ID,,,Supplier,REF,"Unique identifier for the corresponding supplier in cases where the customer is also a supplier.Shall match the Supplier_Account_ID [SuplAcntId] in the BAS_Supplier [BasSupl] table. Otherwise, set NULL.",A,BAS CUSTOMER,Corresponding Supplier ID,IDENTIFIER 100,BAS SUPPLIER,Supplier Account ID,CorrSuplId
43,Base,RFBIE,BS06,Customer,2,0..1,7,Customer Type ID,,,Customer Type,REF,Unique identifier for the customer type.Typically auto-generated by the system.Shall match the Customer_Type_ID [CustTypId] in the BAS_Customer_Type [BasCustTyp] table.,A,BAS CUSTOMER,Customer Type ID,IDENTIFIER 60,BAS CUSTOMER TYPE,Customer Type ID,CustTypId
44,Base,BBIE,BS06,Customer,2,0..1,8,Customer TIN,,Identifier,,Code,Customer's tax identification number.This number is usually generated by a tax regulator.,A,BAS CUSTOMER,Customer TIN,TAX IDENTIFICATION NUMBER,,,CustTin
45,Base,BBIE,BS06,Customer,2,0..1,9,Inactive Date,,Date,,Date,"Date when the customer was declared inactive.A customer can become inactive due to exceeding their credit limit, legal restrictions, contract termination or bankruptcy.",A,BAS CUSTOMER,Inactive Date,DATE,,,InactiveDt
46,Base,BBIE,BS06,Customer,2,0..1,10,Transaction Credit Limit,,Amount,,Amount,Per invoice credit limit established for this customer.,A,BAS CUSTOMER,Transaction Credit Limit,AMOUNT,,,TrCrLimit
47,Base,BBIE,BS06,Customer,2,0..1,11,Total Credit Limit,,Amount,,Amount,Credit limit for this customerâ€™s total outstanding balance.,A,BAS CUSTOMER,Total Credit Limit,AMOUNT,,,TotCrLimit
48,Base,BBIE,BS06,Customer,2,0..1,12,Terms Discount Percentage,,Percentage,,Percentage,"Discount percentage the customer can take if an invoice is paid before a certain number of days.In the flat file, terms are represented as integers to a decimal place.EXAMPLE   10 % is 0.10.",A,BAS CUSTOMER,Terms Discount Percentage,PERCENTAGE,,,TrmsDscntPerc
49,Base,BBIE,BS06,Customer,2,0..1,13,Terms Discount Days,,Code,,Code,Number of days from the invoice date that the customer has to take advantage of discounted terms.Terms are represented as integers with no decimal places.EXAMPLE   10 days are 10.,A,BAS CUSTOMER,Terms Discount Days,NUMBER 6,,,TrmsDscntDays
50,Base,BBIE,BS06,Customer,2,0..1,14,Terms Due Days,,Code,,Code,Default number of days allowed to meet the obligation before an invoice becomes overdue.,A,BAS CUSTOMER,Terms Due Days,NUMBER 6,,,TrmsDueDays
51,Base,ASBIE,BS06,Customer,2,0..1,15,Physical Address,,,Address,,Physical address information.,E,PHYSICAL ADDRESS,,,,,PhysAdr
58,Base,ASBIE,BS06,Customer,2,0..1,22,Billing Address,,,Address,,Billing address information.,E,BILLING ADDRESS,,,,,BillAdr
65,Base,ASBIE,BS06,Customer,2,0..1,29,Primary Contact,,,Contact,,Primary contact information.,E,PRIMARY CONTACT,,,,,PrimCnt
69,Base,ASBIE,BS06,Customer,2,0..1,33,Responsible,,,Created,,Information about the data that was created into the system.,E,CREATED,,,,,Crea
73,Base,ASBIE,BS06,Customer,2,0..1,37,Responsible,,,Approved,,Information about the data was approved within the system.,E,APPROVED,,,,,Aprv
77,Base,ASBIE,BS06,Customer,2,0..1,41,Responsible,,,Last Modified,,Information about the data was  last modified within the system.,E,LAST MODIFIED,,,,,LstMdf
81,Base,ABIE,BS07,Supplier Type,1,--,0,Details,,,,,Contains detailed descriptions of the supplier type.,E,BAS SUPPLIER TYPE,,,,,BasSuplTyp
82,Base,BBIE,BS07,Supplier Type,2,1..1,1,Supplier Type ID,,Identifier,,Code,Unique identifier for the supplier type. Typically auto-generated by the system.,A,BAS SUPPLIER TYPE,Supplier Type ID,IDENTIFIER 60,,,SuplTypId
83,Base,BBIE,BS07,Supplier Type,2,0..1,2,Supplier Type Code,,Code,,Code,"Code for the supplier type.EXAMPLE   004 is preferred suppliers, 005 is key suppliers, 006 is common suppliers.",A,BAS SUPPLIER TYPE,Supplier Type Code,SUPPLIER TYPE CODE,,,SuplTypCd
84,Base,BBIE,BS07,Supplier Type,2,0..1,3,Supplier Type Name,,Text,,Text,"Name of the type categorized by the supplier attributes.EXAMPLE   Preferred supplier, key supplier, common supplier.",A,BAS SUPPLIER TYPE,Supplier Type Name,NAME 80,,,SuplTypNm
85,Base,RFBIE,BS07,Supplier Type,2,0..1,4,Parent Supplier Type ID,,,Supplier Type,REF,Unique identifier for the parent supplier type.EXAMPLE   Raw material supplier is a parent type of iron supplier.Typically auto-generated by the system.Shall match the Supplier_Type_ID [SuplTypId] in the BAS_Supplier_Type [BasSuplTyp] table.,A,BAS SUPPLIER TYPE,Parent Supplier Type ID,IDENTIFIER 60,BAS SUPPLIER TYPE,Supplier Type ID,ParSuplTypId
86,Base,ABIE,BS08,Supplier,1,--,0,Details,,,,,Contains essential and generic information of the suppliers.,E,BAS SUPPLIER,,,,,BasSupl
87,Base,IDBIE,BS08,Supplier,2,1..1,1,Supplier Account ID,,Identifier,,PK,Unique identifier for the supplier to whom payment is due or from whom unused credits have been applied.Typically auto-generated by the system.,A,BAS SUPPLIER,Supplier Account ID,IDENTIFIER 100,,,SuplAcntId
88,Base,BBIE,BS08,Supplier,2,0..1,2,Supplier Account Number,,Identifier,,Code,Number of the supplier to whom payment is due or from whom unused credits have been applied.This number is usually generated by manual input or is generated by the system.,A,BAS SUPPLIER,Supplier Account Number,IDENTIFIER 100,,,SuplAcntNr
89,Base,BBIE,BS08,Supplier,2,0..1,3,Supplier Account Name,,Text,,Text,Name of the supplier.,A,BAS SUPPLIER,Supplier Account Name,NAME 200,,,SuplAcntNm
90,Base,BBIE,BS08,Supplier,2,0..1,4,Supplier Abbreviation,,Text,,Text,Abbreviation form of the supplier's name.,A,BAS SUPPLIER,Supplier Abbreviation,NAME 100,,,SuplAbrv
91,Base,RFBIE,BS08,Supplier,2,0..1,5,Parent Supplier ID,,,Supplier,REF,Unique identifier for the parent supplier.Typically auto-generated by the system.Shall match the Supplier_Account_ID [SuplAcntId] in the BAS_Supplier [BasSupl] table.,A,BAS SUPPLIER,Parent Supplier ID,IDENTIFIER 100,BAS SUPPLIER,Supplier Account ID,ParSuplId
92,Base,RFBIE,BS08,Supplier,2,0..1,6,Corresponding Customer ID,,,Customer,REF,"Unique identifier for the corresponding customer in cases where the supplier is also a customer.Typically auto-generated by the system.Shall match the Customer_Account_ID [CustAcntId] in the BAS_Customer [BasCust] table. Otherwise, set NULL.",A,BAS SUPPLIER,Corresponding Customer ID,IDENTIFIER 100,BAS CUSTOMER,Customer Account ID,CorrCustId
93,Base,RFBIE,BS08,Supplier,2,0..1,7,Supplier Type ID,,,Supplier Type,REF,Unique identifier for the supplier type.Typically auto-generated by the system.Shall match the Supplier_Type_ID [SuplTypId] in the BAS_Supplier_Type [BasSuplTyp] table.,A,BAS SUPPLIER,Supplier Type ID,IDENTIFIER 60,BAS SUPPLIER TYPE,Supplier Type ID,SuplTypId
94,Base,BBIE,BS08,Supplier,2,0..1,8,Supplier TIN,,Identifier,,Code,Supplier's tax identification number.This number is usually generated by the tax regulator.,A,BAS SUPPLIER,Supplier TIN,TAX IDENTIFICATION NUMBER,,,SuplTin
95,Base,BBIE,BS08,Supplier,2,0..1,9,Supplier Group,,Text,,Text,Supplier group assignments when the organization segments the suppliers.,A,BAS SUPPLIER,Supplier Group,TEXT 100,,,SuplGroup
96,Base,BBIE,BS08,Supplier,2,0..1,10,Inactive Date,,Date,,Date,"Date when the supplier was declared inactive.A supplier can become inactive due to exceeding their credit limit, legal restrictions, contract termination or bankruptcy.",A,BAS SUPPLIER,Inactive Date,DATE,,,InactiveDt
97,Base,BBIE,BS08,Supplier,2,0..1,11,Transaction Credit Limit,,Amount,,Amount,Per invoice credit limit established for this supplier.,A,BAS SUPPLIER,Transaction Credit Limit,AMOUNT,,,TrCrLimit
98,Base,BBIE,BS08,Supplier,2,0..1,12,Total Credit Limit,,Amount,,Amount,Credit limit for the total outstanding balance approved for the supplier.,A,BAS SUPPLIER,Total Credit Limit,AMOUNT,,,TotCrLimit
99,Base,BBIE,BS08,Supplier,2,0..1,13,Terms Discount Percentage,,Percentage,,Percentage,"Discount percentage the supplier can provide if an invoice is paid before a certain number of days.In the flat file, terms are represented as integers to a decimal place.EXAMPLE   10 % is 0.10.",A,BAS SUPPLIER,Terms Discount Percentage,PERCENTAGE,,,TrmsDscntPerc
100,Base,BBIE,BS08,Supplier,2,0..1,14,Terms Discount Days,,Code,,Code,Number of days from the invoice date that the supplier allows the customer to take advantage of discounted terms.Terms are represented as integers with no decimal places.EXAMPLE   10 days is 10.,A,BAS SUPPLIER,Terms Discount Days,NUMBER 6,,,TrmsDscntDays
101,Base,BBIE,BS08,Supplier,2,0..1,15,Terms Due Days,,Code,,Code,Number of days allowed to meet the obligation before an invoice becomes overdue.,A,BAS SUPPLIER,Terms Due Days,NUMBER 6,,,TrmsDueDays
102,Base,ASBIE,BS08,Supplier,2,0..1,16,Physical Address,,,Address,,Physical address information.,E,PHYSICAL ADDRESS,,,,,PhysAdr
109,Base,ASBIE,BS08,Supplier,2,0..1,23,Billing Address,,,Address,,Billing address information.,E,BILLING ADDRESS,,,,,BillAdr
116,Base,ASBIE,BS08,Supplier,2,0..1,30,Primary Contact,,,Contact,,Primary contact information.,E,PRIMARY CONTACT,,,,,PrimCnt
120,Base,ASBIE,BS08,Supplier,2,0..1,34,Responsible,,,Created,,Information about the data that was created into the system.,E,CREATED,,,,,Crea
124,Base,ASBIE,BS08,Supplier,2,0..1,38,Responsible,,,Approved,,Information about the data was approved within the system.,E,APPROVED,,,,,Aprv
128,Base,ASBIE,BS08,Supplier,2,0..1,42,Responsible,,,Last Modified,,Information about the data was  last modified within the system.,E,LAST MODIFIED,,,,,LstMdf
132,Base,ABIE,BS09,Chart Of Accounts,1,--,0,Details,,,,,"Contains the information about GL accounts, including name, description, type and hierarchy. This table is level 1. When it is cross-referred by other table(s), consistency shall apply. For example, in this table, the value of GL_Account_Number [GlAcntNr] is 101, the value of GL_Account_Name [GlAcntNm] is cash, and the value of Balance_Debit_Or_Credit is D. If the value of GL_Account_Number [GlAcntNr] in GL_Trial_Balance [GlTrialBal] table is 101, then the Amount corresponding with cash account (101) must be debit.",E,BAS CHART OF ACCOUNTS,,,,,BasChartOfAcnts
133,Base,BBIE,BS09,Chart Of Accounts,2,1..1,1,GL Account Number,,Code,,Code,Number of the GL account.,A,BAS CHART OF ACCOUNTS,GL Account Number,GL ACCOUNT NUMBER 100,,,GlAcntNr
134,Base,BBIE,BS09,Chart Of Accounts,2,0..1,2,GL Account Name,,Text,,Text,Name of the GL account.,A,BAS CHART OF ACCOUNTS,GL Account Name,TEXT 100,,,GlAcntNm
135,Base,BBIE,BS09,Chart Of Accounts,2,0..1,3,GL Account Description,,Text,,Text,Label or description associated with the GL_Account_Number [GlAcntNr].,A,BAS CHART OF ACCOUNTS,GL Account Description,TEXT 1000,,,GlAcntDscr
136,Base,BBIE,BS09,Chart Of Accounts,2,0..1,4,FS Caption,,Text,,Text,"Financial statement caption that represents a related group of accounts.EXAMPLE   Cash and cash equivalents, AP, cost of sales.The caption can be at the trial balance level.",A,BAS CHART OF ACCOUNTS,FS Caption,TEXT 100,,,FsCaption
137,Base,BBIE,BS09,Chart Of Accounts,2,0..1,5,Account Type,,Code,,Code,"Type of account.EXAMPLE   Assets, liabilities, equity, revenues, expenses.",A,BAS CHART OF ACCOUNTS,Account Type,ACCOUNT TYPE,,,AcntTyp
138,Base,BBIE,BS09,Chart Of Accounts,2,0..1,6,Account Subtype,,Code,,Code,Subtype of the account.EXAMPLE   Current assets are the subtype of assets.,A,BAS CHART OF ACCOUNTS,Account Subtype,ACCOUNT TYPE,,,AcntSubtyp
139,Base,BBIE,BS09,Chart Of Accounts,2,0..1,7,Account Hierarchy,,Code,,Code,"Corresponding level for account number in the account hierarchy.EXAMPLE   1 is assets, 2 is the account subtype current assets.",A,BAS CHART OF ACCOUNTS,Account Hierarchy,ACCOUNT HIERARCHY,,,AcntHrchy
140,Base,RFBIE,BS09,Chart Of Accounts,2,0..1,8,Parent GL Account Number,,,Chart Of Accounts,REF,"Number of the parent account in an account hierarchy.This is provided to allow more than the predefined levels of the hierarchy in the BAS_Chart_Of_Accounts [BasChartOfAcnts] table.When Parent_GL_Account_Number [ParGlAcntNr] is the highest level, its value can be set to the default value (e.g. set to NULL).Shall match the GL_Account_Number [GlAcntNr] in the BAS_Chart_Of_Accounts [BasChartOfAcnts] table.",A,BAS CHART OF ACCOUNTS,Parent GL Account Number,GL ACCOUNT NUMBER 100,BAS CHART OF ACCOUNTS,GL Account Number,ParGlAcntNr
141,Base,BBIE,BS09,Chart Of Accounts,2,0..1,9,Balance Debit Or Credit Code,,Code,,Code,"Indicates whether the natural balance of the account is a debit or credit balance by indicating D or C, where assets and expenses have a natural balance of debit, and liabilities, equity and revenues have a natural balance of credit.",A,BAS CHART OF ACCOUNTS,Balance Debit Or Credit Code,CREDIT DEBIT CODE,,,BalDbOrCrCd
142,Base,BBIE,BS09,Chart Of Accounts,2,0..1,10,Active Flag,,Indicator,,Indicator,"Indicates whether the GL account is active or inactive.EXAMPLE   1 is active, 0 is inactive.",A,BAS CHART OF ACCOUNTS,Active Flag,BOOLEAN,,,ActiveFlag
143,Base,ASBIE,BS09,Chart Of Accounts,2,0..n,11,Specified,,,Business Segment,,Contains associated Business Segment information.,E,BUSINESS SEGMENT,,,,,BusSg
146,Base,ABIE,BS10,Accounting Period,1,--,0,Details,,,,,"Contains information related to the accounting period, including corresponding fiscal year, beginning date and ending date. The table captures the time range within a specific reporting period and year, in which business transactions and entries are accumulated into financial statements and other reports.",E,BAS ACCOUNTING PERIOD,,,,,BasAcntingPer
148,Base,BBIE,BS10,Accounting Period,2,1..1,1,Accounting Period Code,,Code,,Code,"Accounting period in which the calendar date occurs.EXAMPLE   W1-W53 for weekly periods, M1-M12 for monthly periods, Q1-Q4 for quarterly periods, from any beginning date to any ending date.",A,BAS ACCOUNTING PERIOD,Accounting Period,PERIOD IDENTIFIER,,,AcntingPer
147,Base,BBIE,BS10,Accounting Period,2,1..1,2,Fiscal Year,,Code,,Code,"Fiscal year in which the calendar date occurs.The year shall be shown in four digits as YYYY, which is part of the extended format and the YYYY-MM-DD from ISO 8601-1.",A,BAS ACCOUNTING PERIOD,Fiscal Year,YEAR IDENTIFIER,,,FiscYr
149,Base,BBIE,BS10,Accounting Period,2,0..1,3,Accounting Period BEG Date,,Date,,Date,Calendar beginning date of the current accounting period.,A,BAS ACCOUNTING PERIOD,Accounting Period BEG Date,DATE,,,AcntingPerBegDt
150,Base,BBIE,BS10,Accounting Period,2,0..1,4,Accounting Period Ending Date,,Date,,Date,Calendar ending date of the current accounting period.,A,BAS ACCOUNTING PERIOD,Accounting Period Ending Date,DATE,,,AcntingPerEndDt
258,GL,ABIE,GL01,Trial Balance,1,--,0,Details,,,,,Contains all the ledger account balance information of the ADCS. The GL_Trial_Balance [GlTrialBal] file shall contain the ending balances at a point in time. The GL_Trial_Balance [GlTrialBal] should be extracted at the same time as the GL_Details [GlDtls] to prevent differences in transactions and balances.,E,GL TRIAL BALANCE,,,,,GlTrialBal
258.5,GL,IDBIE,GL01,Trial Balance,2,1..1,1,Identification,,Identifier,,PK,,,,,,,,
259,GL,RFBIE,GL01,Trial Balance,2,1..1,2,GL Account Number,,,Chart Of Accounts,REF,Number of the GL account. This number is often generated by the system.Shall match the GL_Account_Number [GlAcntNr] used in the BAS_Chart_Of_Accounts [BasChartOfAcnts] table.,A,GL TRIAL BALANCE,GL Account Number,GL ACCOUNT NUMBER 100,BAS CHART OF ACCOUNTS,GL Account Number,GlAcntNr
260,GL,BBIE,GL01,Trial Balance,2,1..1,4,Fiscal Year,,Code,,Code,"Fiscal year in which the Balance_As_Of_Date [BalAsOfDt] occurs.The year shall be shown in four digits as YYYY, which is part of the extended format and the YYYY-MM-DD from ISO 8601-1. Shall match the Fiscal_Year [FiscYr] in the BAS_Accounting_Period [BasAcntingPer] table.",A,GL TRIAL BALANCE,Fiscal Year,YEAR IDENTIFIER,BAS ACCOUNTING PERIOD,Fiscal Year,FiscYr
261,GL,BBIE,GL01,Trial Balance,2,1..1,5,Accounting Period Code,,Code,,Code,"Accounting period in which the Balance_As_Of_Date [BalAsOfDt] occurs.EXAMPLE   W1-W53 for weekly periods, M1-M12 for monthly periods, Q1-Q4 for quarterly periods, from any beginning date to any ending date.Shall match the Accounting_Period [AcntingPer] in the BAS_Accounting_Period [BasAcntingPer] table.",A,GL TRIAL BALANCE,Accounting Period,PERIOD IDENTIFIER,BAS ACCOUNTING PERIOD,Accounting Period,AcntingPer
262,GL,BBIE,GL01,Trial Balance,2,0..1,6,Balance As Of Date,,Date,,Date,"Date through which the provided balance reflects account activity.EXAMPLE   If a report is run for activity through 2014-12-31 on 2015-01-22, the date recorded will be 2014-12-31.",A,GL TRIAL BALANCE,Balance As Of Date,DATE,,,BalAsOfDt
264,GL,RFBIE,GL01,Trial Balance,2,0..1,8,Functional Currency Code,,,Currency,REF,Code of the functional or group currency (in accordance with ISO 4217).Shall match the Currency_Code [CurCd] in the BAS_Currency [BasCur] table.,A,CURRENCY,Functional Currency Code,CURRENCY CODE,BAS CURRENCY,Currency Code,FuncCurCd
265,GL,RFBIE,GL01,Trial Balance,2,0..1,9,Transaction Currency Code,,,Currency,REF,The code of currency used in the actual transaction (in accordance with ISO 4217).Shall match the Currency_Code [CurCd] in the BAS_Currency [BasCur] table.,A,CURRENCY,Transaction Currency Code,CURRENCY CODE,BAS CURRENCY,Currency Code,TrCurCd
266,GL,RFBIE,GL01,Trial Balance,2,0..1,10,Reporting Currency Code,,,Currency,REF,The code of currency used for non-consolidated reporting (in accordance with ISO 4217).Shall match the Currency_Code [CurCd] in the BAS_Currency [BasCur] table.,A,CURRENCY,Reporting Currency Code,CURRENCY CODE,BAS CURRENCY,Currency Code,RprtCurCd
267,GL,RFBIE,GL01,Trial Balance,2,0..1,11,Local Currency Code,,,Currency,REF,The code of currency used for local country reporting requirements  (in accordance with ISO 4217).Shall match the Currency_Code [CurCd] in the BAS_Currency [BasCur] table.,A,CURRENCY,Local Currency Code,CURRENCY CODE,BAS CURRENCY,Currency Code,LocCurCd
269,GL,BBIE,GL01,Trial Balance,2,0..1,13,Functional Balance,,Amount,,Amount,Balance amount recorded in the functional or group currency.,A,BEGINNING BALANCE,Functional Balance,AMOUNT,,,FuncBal
270,GL,BBIE,GL01,Trial Balance,2,0..1,14,Transaction Balance,,Amount,,Amount,Balance amount recorded in the transaction currency.,A,BEGINNING BALANCE,Transaction Balance,AMOUNT,,,TrBal
271,GL,BBIE,GL01,Trial Balance,2,0..1,15,Reporting Balance,,Amount,,Amount,Balance amount recorded in the reporting currency.,A,BEGINNING BALANCE,Reporting Balance,AMOUNT,,,RprtBal
272,GL,BBIE,GL01,Trial Balance,2,0..1,16,Local Balance,,Amount,,Amount,Balance amount recorded in the local currency.,A,BEGINNING BALANCE,Local Balance,AMOUNT,,,LocBal
274,GL,BBIE,GL01,Trial Balance,2,0..1,18,Functional Balance,,Amount,,Amount,Balance amount recorded in the functional or group currency.,A,ENDING BALANCE,Functional Balance,AMOUNT,,,FuncBal
275,GL,BBIE,GL01,Trial Balance,2,0..1,19,Transaction Balance,,Amount,,Amount,Balance amount recorded in the transaction currency.,A,ENDING BALANCE,Transaction Balance,AMOUNT,,,TrBal
276,GL,BBIE,GL01,Trial Balance,2,0..1,20,Reporting Balance,,Amount,,Amount,Balance amount recorded in the reporting currency.,A,ENDING BALANCE,Reporting Balance,AMOUNT,,,RprtBal
277,GL,BBIE,GL01,Trial Balance,2,0..1,21,Local Balance,,Amount,,Amount,Balance amount recorded in the local currency.,A,ENDING BALANCE,Local Balance,AMOUNT,,,LocBal
278,GL,ASBIE,GL01,Trial Balance,2,0..n,22,Specified,,,Business Segment,,Contains associated Business Segment information.,E,BUSINESS SEGMENT,,,,,BusSg
280,GL,BBIE,GL01,Trial Balance,3,1..1,22,Business Segment Code,,Code,,Code,Contains a code to identify the associated business segment. Must match the Business_Segment_Code [BusSgCd] in BAS_Business_Segment [BasBusSg].,A,,,,,,
280.5,GL,BBIE,GL01,Trial Balance,3,0..1,23,Business Segment Name,,Text,,Text,The name of the Business Segment.,A,BUSINESS SEGMENT,Sequence Number,REFERENCE LEVEL,,,SqNr
279,GL,BBIE,GL01,Trial Balance,3,1..1,23,Segment Reference Level,,Code,,Code,Number or text to keep the Business Segments in a predefined order.,A,BUSINESS SEGMENT,Sequence Number,REFERENCE LEVEL,,,SqNr
279.5,GL,BBIE,GL01,Trial Balance,3,0..1,24,Business Segment Type Name,,Text,,Text,,,,,,,,
281,GL,ABIE,GL02,GL Header,1,--,0,Details,,,,,"Contains all of the journal entry details for each transaction (e.g. associated journal entry ID, associated account number, debits or credits associated with the journal entry line). This table should be at the journal entry line level.",E,GL DETAILS,,,,,GlDtls
282,GL,BBIE,GL02,GL Header,2,1..1,1,Journal ID,,Identifier,,Code,Unique identifier for each journal entry.Typically auto-generated by the system.,A,GL DETAILS,Journal ID,IDENTIFIER 100,,,JrnId
283,GL,BBIE,GL02,GL Header,2,0..1,2,Journal Number,,Identifier,,Code,"Number of the journal entry (e.g. including serial number, document type, date).",A,GL DETAILS,Journal Number,IDENTIFIER 100,,,JrnNr
285,GL,BBIE,GL02,GL Header,2,0..1,3,Fiscal Year,,Code,,Code,"Fiscal year in which the Effective_Date [EffectiveDt] occurs.The year shall be shown in four digits as YYYY, which is part of the extended format and the YYYY-MM-DD from ISO 8601-1.Shall match the Fiscal_Year [FiscYr] in the BAS_Accounting_Period [BasAcntingPer] table.",A,GL DETAILS,Fiscal Year,YEAR IDENTIFIER,BAS ACCOUNTING PERIOD,Fiscal Year,FiscYr
286,GL,BBIE,GL02,GL Header,2,0..1,4,Accounting Period Code,,Code,,Code,"Accounting period in which the Effective_Date [EffectiveDt] occurs.EXAMPLE   W1-W53 for weekly periods, M1-M12 for monthly periods, Q1-Q4 for quarterly periods, from any beginning date to any ending date. Shall match the Accounting_Period [AcntingPer] in the BAS_Accounting_Period [BasAcntingPer] table.",A,GL DETAILS,Accounting Period,PERIOD IDENTIFIER,BAS ACCOUNTING PERIOD,Accounting Period,AcntingPer
292,GL,RFBIE,GL03,GL Header,2,0..1,5,Source Code,,,Source,REF,"Code for the source from which the journal entry originated.EXAMPLE   Sales journal, cash receipts journal, general journal, payroll journal, accountant manual entry, spreadsheet.Shall match the Source_Code [SrcCd] in the GL_Source [GlSrc] table.",A,GL DETAILS,Source Code,IDENTIFIER 25,GL SOURCE,Source Code,SrcCd
290,GL,BBIE,GL02,GL Header,2,0..1,5,Journal Entry Header Description,,Text,,Text,Description of the entire journal entry as described by the journal entry header.,A,GL DETAILS,JE Header Description,TEXT 1000,,,JeHdrDscr
287,GL,BBIE,GL02,GL Header,2,0..1,6,Effective Date,,Date,,Date,"Date of the journal entry, no matter when the entry is received or created.This sometimes refers to the accounting date or accounting effective date.EXAMPLE   If the user wants to see the financial results for the period ending March 5, 20XX, the journal entry may be created on any day during the open period and be assigned to the period ending March 5, 20XX.",A,GL DETAILS,Effective Date,DATE,,,EffectiveDt
287.2,GL,ASBIE,GL02,GL Header,2,1..n,7,Included,,,GL Details,,,,,,,,,
287.5,GL,ABIE,GL03,GL Details,1,--,0,Details,,,,,,,,,,,,
288,GL,BBIE,GL03,GL Details,2,0..1,1,Journal Line Number,,Text,,Text,Number of the line within a journal entry.This number is generated either by manual input or by the system.,A,GL DETAILS,Journal Line Number,TEXT 100,,,JrnLnNr
289,GL,RFBIE,GL03,GL Details,2,0..1,2,Journal Entry Type Code,,,Journal Entry Type,REF,Code for the journal entry type.Shall match the JE_Type_Code [JeTypCd] in the BAS_Journal_Entry_Type [BasJrnEntryTyp] table.,A,GL DETAILS,JE Type Code,IDENTIFIER 60,BAS JOURNAL ENTRY TYPE,JE Type Code,JeTypCd
284,GL,RFBIE,GL03,GL Details,2,0..1,3,GL Account Number,,,Chart Of Accounts,REF,Number of the GL account.Shall match the GL_Account_Number [GlAcntNr] used in the AS_Chart_Of_Accounts table.,A,GL DETAILS,GL Account Number,GL ACCOUNT NUMBER 100,BAS CHART OF ACCOUNTS,GL Account Number,GlAcntNr
300,GL,BBIE,GL03,GL Details,2,0..1,13,Credit Debit Indicator,,Code,,Code,"Indicates whether the amount is a credit or a debit.EXAMPLE   C is credit, D is debit.",A,GL DETAILS,Credit Debit Indicator,CREDIT DEBIT CODE,,,CrDbInd
291,GL,BBIE,GL03,GL Details,2,0..1,4,Journal Entry Line Description,,Text,,Text,Description of the individual line within the journal entry.,A,GL DETAILS,JE Line Description,TEXT 1000,,,JeLnDscr
293,GL,BBIE,GL03,GL Details,2,0..1,6,Bill Number,,Text,,Text,"Number of the bill.A bill usually includes bank drafts, promissory notes and checks. A bill may be issued by the drawer who agreed upon themselves or entrusts the drawee at sight. A specified date to the payee or bearer unconditionally pays a certain amount of securities.This number is generated either by manual input or by the system.",A,GL DETAILS,Bill Number,TEXT 100,,,BillNr
294,GL,RFBIE,GL03,GL Details,2,0..1,7,Bill Type Code,,,Bill Type,REF,"Type of bill.EXAMPLE   Bank drafts, promissory notes, checks.Shall match the Bill_Type_Code [BillTypCd] in the BAS_Bill_Type [BasBillTyp] table.",A,GL DETAILS,Bill Type Code,IDENTIFIER 60,BAS BILL TYPE,Bill Type Code,BillTypCd
295,GL,BBIE,GL03,GL Details,2,0..1,8,Bill Date,,Date,,Date,Date of the bill.,A,GL DETAILS,Bill Date,DATE,,,BillDt
296,GL,BBIE,GL03,GL Details,2,0..1,9,Quantity,,Quantity,,Quantity,"Quantity of items referenced in the journal entry line.When the GL_Account_Number [GlAcntNr] is for inventories or fixed assets, this field is effective. If not, this field is NULL.",A,GL DETAILS,Quantity,QUANTITY,,,Qt
297,GL,RFBIE,GL03,GL Details,2,0..1,10,UOM Code,,,Measurement Unit,REF,"Code for the physical measurement scale for the inventory and PPE referred to as a ""unit of measurement (UOM)"".Shall match the UOM_Code [UomCd] in the BAS_Measurement_Unit [BasMeaUnit] table.",A,GL DETAILS,UOM Code,MEASUREMENT UNIT CODE,BAS MEASUREMENT UNIT,UOM Code,UomCd
298,GL,BBIE,GL03,GL Details,2,0..1,11,Unit Price,,Amount,,Amount,"Per unit price of the inventory or PPE.This field is associated with Quantity and Amount.EXAMPLE   If the account is inventory or PPE, Quantity can be multiplied by Unit_Price [UnitPrice] to get total line Amount.",A,GL DETAILS,Unit Price,AMOUNT8,,,UnitPrice
299,GL,RFBIE,GL03,GL Details,2,0..1,12,Settlement Method Code,,,Settlement Method,REF,"Code value or indicator of the settlement method used for cash receipt from customers (i.e. sales) and cash payment to suppliers (i.e. purchase).EXAMPLE   Check, wire transfer, cash.Shall match the Settlement_Method_Code [SetlMthdCd] in the BAS_Settlement_Method [BasSetlMthd] table.",A,GL DETAILS,Settlement Method Code,IDENTIFIER 60,BAS SETTLEMENT METHOD,Settlement Method Code,SetlMthdCd
301,GL,BBIE,GL03,GL Details,2,0..1,14,Reversal Indicator,,Code,,Code,"Indicates whether this entry is a reversal or to be reversed.EXAMPLE   1 is the entry is a reversal, 2 is the entry is being reversed, an empty ("" "") is none of the above or system-generated indicators.",A,GL DETAILS,Reversal Indicator,REVERSAL INDICATOR CODE,,,RevInd
302,GL,BBIE,GL03,GL Details,2,0..1,15,Reversal Journal ID,,Identifier,,Code,"When the Reversal_Indicator [RevInd] = 1, this field identifies the Journal_ID [JrnId] of the entry being reversed.",A,GL DETAILS,Reversal Journal ID,IDENTIFIER 100,,,RevJrnId
303,GL,BBIE,GL03,GL Details,2,0..1,16,Cancellation,,Indicator,,Indicator,"Sign of cancellation of a journal entry already formed but not yet posted.EXAMPLE   0 is entry is not cancelled, 1 is entry is cancelled.",A,GL DETAILS,Cancellation Sign,BOOLEAN,,,CnclSign
304,GL,RFBIE,GL03,GL Details,2,0..1,17,Account Segment Employee,,,Employee,REF,"Fixed account segment, recording information related to an employee (e.g. loan to corporate officers).The value stored in this field stored is Employee_ID [EmpId].Shall match the Employee_ID [EmpId] in the BAS_Employee [BasEmp] table through GL_Account_Segment [GlAcntSg].",A,GL DETAILS,Account Segment Employee,IDENTIFIER 60,BAS EMPLOYEE,Employee ID,AcntSgEmp
305,GL,RFBIE,GL03,GL Details,2,0..1,18,Account Segment Project,,,Project,REF,"Fixed account segment, recording information related to a project.EXAMPLE   Construction projects that require separate accounting.The value of this field stored is Project_ID [ProjId].Shall match the Project_ID [ProjId] in the BAS_Project [BasProj] table through GL_Account_Segment [GlAcntSg].",A,GL DETAILS,Account Segment Project,IDENTIFIER 60,BAS PROJECT,Project ID,AcntSgProj
306,GL,RFBIE,GL03,GL Details,2,0..1,19,Account Segment Bank Account,,,Bank Account,REF,"Fixed account segment, recording information related to bank accounts.The value of this field stored is Bank_Account_Number [BankAcntNr]. More information about a certain bank account can be obtained from the BAS_Bank_Account [BasBankAcnt] table.Shall match the Bank_Account_Number [BankAcntNr] in the BAS_Bank_Account [BasBankAcnt] table through GL_Account_Segment [GlAcntSg].",A,GL DETAILS,Account Segment Bank Account,IDENTIFIER 60,BAS BANK ACCOUNT,Bank Account Number,AcntSgBankAcnt
308,GL,BBIE,GL03,GL Details,2,0..1,21,Functional Amount,,Amount,,Amount,Amount recorded in the functional or group currency.,A,AMOUNT,Functional Amount,AMOUNT,,,FuncAmt
309,GL,RFBIE,GL03,GL Details,2,0..1,22,Functional Currency Code,,,Currency,REF,Code of the functional or group currency (in accordance with ISO 4217).Shall match the Currency_Code [CurCd] in the BAS_Currency [BasCur] table.,A,AMOUNT,Functional Currency Code,CURRENCY CODE,BAS CURRENCY,Currency Code,FuncCurCd
310,GL,BBIE,GL03,GL Details,2,0..1,23,Transaction Amount,,Amount,,Amount,Amount recorded in the transaction currency.,A,AMOUNT,Transaction Amount,AMOUNT,,,TrAmt
311,GL,RFBIE,GL03,GL Details,2,0..1,24,Transaction Currency Code,,,Currency,REF,The code of currency used in the actual transaction (in accordance with ISO 4217).Shall match the Currency_Code [CurCd] in the BAS_Currency [BasCur] table.,A,AMOUNT,Transaction Currency Code,CURRENCY CODE,BAS CURRENCY,Currency Code,TrCurCd
312,GL,BBIE,GL03,GL Details,2,0..1,25,Reporting Amount,,Amount,,Amount,Amount recorded in the reporting currency.,A,AMOUNT,Reporting Amount,AMOUNT,,,RprtAmt
313,GL,RFBIE,GL03,GL Details,2,0..1,26,Reporting Currency Code,,,Currency,REF,The code of currency used for non-consolidated reporting (in accordance with ISO 4217).Shall match the Currency_Code [CurCd] in the BAS_Currency [BasCur] table.,A,AMOUNT,Reporting Currency Code,CURRENCY CODE,BAS CURRENCY,Currency Code,RprtCurCd
314,GL,BBIE,GL03,GL Details,2,0..1,27,Local Amount,,Amount,,Amount,Amount recorded in the local currency.,A,AMOUNT,Local Amount,AMOUNT,,,LocAmt
315,GL,RFBIE,GL03,GL Details,2,0..1,28,Local Currency Code,,,Currency,REF,The code of currency used for local country reporting requirements  (in accordance with ISO 4217).Shall match the Currency_Code [CurCd] in the BAS_Currency [BasCur] table.,A,AMOUNT,Local Currency Code,CURRENCY CODE,BAS CURRENCY,Currency Code,LocCurCd
317,GL,RFBIE,GL03,GL Details,2,0..1,30,Ctrated By,,,User,REF,The unique identifier for the person who did the activity. Typically auto-generated by the system. Shall match the User_ID [UserId] in the BAS_User [BasUser] table.,A,CREATED,User ID,IDENTIFIER 25,BAS USER,User ID,UserId
318,GL,BBIE,GL03,GL Details,2,0..1,31,Created On,,Date,,Date,"The date of activity. This should be a system generated date (rather than user-created date), when possible. This is sometimes referred to as the creation date.",A,CREATED,Date,DATE,,,Dt
319,GL,BBIE,GL03,GL Details,2,0..1,32,Created At,,Time,,Time,The time of activity.,A,CREATED,Time,TIME,,,Tm
321,GL,RFBIE,GL03,GL Details,2,0..1,34,Approved By,,,User,REF,The unique identifier for the person who did the activity. Typically auto-generated by the system. Shall match the User_ID [UserId] in the BAS_User [BasUser] table.,A,APPROVED,User ID,IDENTIFIER 25,BAS USER,User ID,UserId
322,GL,BBIE,GL03,GL Details,2,0..1,35,Approved On,,Date,,Date,"The date of activity. This should be a system generated date (rather than user-created date), when possible. This is sometimes referred to as the creation date.",A,APPROVED,Date,DATE,,,Dt
324,GL,RFBIE,GL03,GL Details,2,0..1,37,Recorded By,,,User,REF,The unique identifier for the person who did the activity. Typically auto-generated by the system. Shall match the User_ID [UserId] in the BAS_User [BasUser] table.,A,POSTED,User ID,IDENTIFIER 25,BAS USER,User ID,UserId
325,GL,ASBIE,GL03,GL Details,2,0..n,38,Account Segment,,,Account Segment,,Contains associated Account Segment information.,E,ACCOUNT SEGMENT,,,,,AcntSg
328,GL,ASBIE,GL03,GL Details,2,0..n,41,Business Segment,,,Business Segment,,Contains associated Business Segment information.,E,BUSINESS SEGMENT,,,,,BusSg
331,GL,ABIE,GL04,Source,1,--,0,Details,,,,,"Contains additional information about the sources provided in the GL_Details [GlDtls] table. Each source shall include a description of the ERP system or accounting package, from which the data is extracted, and information related to the business process the data represents.",E,GL SOURCE,,,,,GlSrc
332,GL,IDBIE,GL04,Source,2,1..1,1,Source Code,,Identifier,,PK,"Code for the posting source (code for the source from which the journal entry originated).EXAMPLE   Sales journal, cash receipts journal, general journal, payroll journal, accountant manual entry, spreadsheet.The code shall be a unique indicator for the underlying source.",A,GL SOURCE,Source Code,IDENTIFIER 25,,,SrcCd
333,GL,BBIE,GL04,Source,2,0..1,2,Source Description,,Text,,Text,Description of the source system.,A,GL SOURCE,Source Description,TEXT 1000,,,SrcDscr
334,GL,BBIE,GL04,Source,2,0..1,3,ERP Subledger Module,,Text,,Text,"Description of the subledger or ERP module from which the journal entry originated.This should tie back to a system or significant accounting process. In some instances, it can be represented by the source system.",A,GL SOURCE,ERP Subledger Module,TEXT 100,,,ErpSbldgrMod
335,GL,BBIE,GL04,Source,2,0..1,4,System Manual Identifier,,Identifier,,Code,"Indicates whether the journal entry is system-generated or manually-entered.EXAMPLE   S is system-generated, M is manually-entered.",A,GL SOURCE,System Manual Identifier,SYSTEM MANUAL IDENTIFIER,,,SystManualId
336,GL,BBIE,GL04,Source,2,0..1,5,Business Process Major,,Text,,Text,Major class of transaction associated with a business process.EXAMPLE   Sales.,A,GL SOURCE,Business Process Major,TEXT 100,,,BusProcMajor
337,GL,BBIE,GL04,Source,2,0..1,6,Business Process Minor,,Text,,Text,"Sub-process of a major business process.EXAMPLE   Orders, returns, discounts.",A,GL SOURCE,Business Process Minor,TEXT 100,,,BusProcMinor
338,GL,ABIE,GL05,Account Segment,1,--,0,Details,,,,,"Contains the code and name for the account segment, as well as the GL_Account_Number [GlAcntNr] to which the account segment is related. Account Segment provides additional information for particular GL_Accounts (e.g. the AR contains the information regarding supplier, customer, employee, and project). Such information would be treated as an Account Segment below A/R, thus resulting in a lengthy account structure. The Account Segment structure is therefore defined as a set to record related information, which efficiently stops account names and numbers from becoming too long and too complex. Account Segment is more flexible to capture the complicated information.Some of the most frequently used account segments (e.g. project, employee, bank account) are defined as fixed fields in tables, such as GL_Details [GlDtls]. These segments are called ""fixed account segments"" in the document. Fixed account segments and other customized account segments are covered in this table.",E,GL ACCOUNT SEGMENT,,,,,GlAcntSg
339,GL,IDBIE(RFBIE),GL05,Account Segment,2,1..1,1,GL Account Number,,,Chart Of Accounts,PK,Number of the GL account. This number is generated either by manual input or by the system.Shall match the GL_Account_Number [GlAcntNr] used in the BAS_Chart_Of_Accounts [BasChartOfAcnts] table.,A,GL ACCOUNT SEGMENT,GL Account Number,GL ACCOUNT NUMBER 100,BAS CHART OF ACCOUNTS,GL Account Number,GlAcntNr
340,GL,BBIE,GL05,Account Segment,2,1..1,2,Account Segment Number,,Text,,Text,"Number of the Account_Segment.Case 1: If the value of this field is 0, the record is used to explain a fixed account segment that is distinguished by the Account_Segment_Name [AcntSgNm] of the record.Case 2: If the value of this field is 5, the record is used to explain the No.5 field of Account_Segment_X, named Account_Segment_5 in the tables, such as GL_Details [GlDtls].This number is generated either by manual input or by the system.",A,GL ACCOUNT SEGMENT,Account Segment Number,TEXT 60,,,AcntSgNr
341,GL,BBIE,GL05,Account Segment,2,1..1,3,Account Segment Name,,Identifier,,Code,"Name of the Account_Segment.Case 1: If the value of the Account_Segment_Number [AcntSgNr] of the record is 0, the field contains the name of a fixed account segment, such as Account_Segment_Employee [AcntSgEmp].Case 2: If the value of the Account_Segment_Number [AcntSgNr] of the record is 5, the field value should be the name of a customized account segment, such as welfare expenditure.",A,GL ACCOUNT SEGMENT,Account Segment Name,IDENTIFIER 200,,,AcntSgNm
342,GL,BBIE,GL05,Account Segment,2,0..1,4,Corresponding File,,Text,,Text,"Table corresponding to the account segment. Case 1: If the value of the Account_Segment_Number [AcntSgNr] of the record is 0, the field contains the table name corresponding to the fixed account segment, such as BAS_Employee [BasEmp] for Account_Segment_Employee [AcntSgEmp].Case 2: If the value of the Account_Segment_Number [AcntSgNr] is larger than 0, and no other table besides BAS_Customized_ACC_Segment [BasCstmzdAccSg] contains the basic information of the customized account segment, the field value should be BAS_Customized_ACC_Segment [BasCstmzdAccSg].Case 3: If the value of the Account_Segment_Number [AcntSgNr] is larger than 0, and there is a table containing the basic information of the customized account segment, the field value should be the table's name, such as BAS_Customer [BasCust].",A,GL ACCOUNT SEGMENT,Corresponding File,TEXT 200,,,CorrFile
343,GL,BBIE,GL05,Account Segment,2,0..1,5,Account Segment Description,,Text,,Text,Detailed description of the Account_Segment_Name [AcntSgNm].,A,GL ACCOUNT SEGMENT,Account Segment Description,TEXT 1000,,,AcntSgDscr
344,GL,RFBIE,GL05,Account Segment,2,0..1,6,Customized ACC Segment Code,,,Customized Account Segment,REF,Code for the customized account segment.Shall match the Customized_ACC_Segment_Code [CstmzdAccSgCd] in the BAS_Customized_ACC_Segment [BasCstmzdAccSg] table.,A,GL ACCOUNT SEGMENT,Customized ACC Segment Code,IDENTIFIER 60,BAS CUSTOMIZED ACC SEGMENT,Customized ACC Segment Code,CstmzdAccSgCd
,,,,,,,,,,,,,,,,,,,,
,,,,,,,,,,,,,,,,,,,,
,,,,,,,,,,,,,,,,,,,,
,,,,,,,,,,,,,,,,,,,,
,,,,,,,,,,,,,,,,,,,,
,,,,,,,,,,,,,,,,,,,,
,,,,,,,,,,,,,,,,,,,,
,,,,,,,,,,,,,,,,,,,,
,,,,,,,,,,,,,,,,,,,,
,,,,,,,,,,,,,,,,,,,,
,,,,,,,,,,,,,,,,,,,,
,,,,,,,,,,,,,,,,,,,,
,,,,,,,,,,,,,,,,,,,,
,,,,,,,,,,,,,,,,,,,,
,,,,,,,,,,,,,,,,,,,,
,,,,,,,,,,,,,,,,,,,,
,,,,,,,,,,,,,,,,,,,,
,,,,,,,,,,,,,,,,,,,,
,,,,,,,,,,,,,,,,,,,,
,,,,,,,,,,,,,,,,,,,,
,,,,,,,,,,,,,,,,,,,,
,,,,,,,,,,,,,,,,,,,,
,,,,,,,,,,,,,,,,,,,,
,,,,,,,,,,,,,,,,,,,,
,,,,,,,,,,,,,,,,,,,,
,,,,,,,,,,,,,,,,,,,,
,,,,,,,,,,,,,,,,,,,,
,,,,,,,,,,,,,,,,,,,,
,,,,,,,,,,,,,,,,,,,,
,,,,,,,,,,,,,,,,,,,,
,,,,,,,,,,,,,,,,,,,,
,,,,,,,,,,,,,,,,,,,,
,,,,,,,,,,,,,,,,,,,,
,,,,,,,,,,,,,,,,,,,,
,,,,,,,,,,,,,,,,,,,,
,,,,,,,,,,,,,,,,,,,,
,,,,,,,,,,,,,,,,,,,,
,,,,,,,,,,,,,,,,,,,,
,,,,,,,,,,,,,,,,,,,,
,,,,,,,,,,,,,,,,,,,,
,,,,,,,,,,,,,,,,,,,,
,,,,,,,,,,,,,,,,,,,,
,,,,,,,,,,,,,,,,,,,,
,,,,,,,,,,,,,,,,,,,,
,,,,,,,,,,,,,,,,,,,,
,,,,,,,,,,,,,,,,,,,,
,,,,,,,,,,,,,,,,,,,,
,,,,,,,,,,,,,,,,,,,,
,,,,,,,,,,,,,,,,,,,,
,,,,,,,,,,,,,,,,,,,,
,,,,,,,,,,,,,,,,,,,,
,,,,,,,,,,,,,,,,,,,,
,,,,,,,,,,,,,,,,,,,,
,,,,,,,,,,,,,,,,,,,,
,,,,,,,,,,,,,,,,,,,,
,,,,,,,,,,,,,,,,,,,,
,,,,,,,,,,,,,,,,,,,,
,,,,,,,,,,,,,,,,,,,,
,,,,,,,,,,,,,,,,,,,,
,,,,,,,,,,,,,,,,,,,,
,,,,,,,,,,,,,,,,,,,,
,,,,,,,,,,,,,,,,,,,,
,,,,,,,,,,,,,,,,,,,,
,,,,,,,,,,,,,,,,,,,,
,,,,,,,,,,,,,,,,,,,,
,,,,,,,,,,,,,,,,,,,,
,,,,,,,,,,,,,,,,,,,,
,,,,,,,,,,,,,,,,,,,,
,,,,,,,,,,,,,,,,,,,,
,,,,,,,,,,,,,,,,,,,,
,,,,,,,,,,,,,,,,,,,,
,,,,,,,,,,,,,,,,,,,,
,,,,,,,,,,,,,,,,,,,,
,,,,,,,,,,,,,,,,,,,,
,,,,,,,,,,,,,,,,,,,,
,,,,,,,,,,,,,,,,,,,,
,,,,,,,,,,,,,,,,,,,,
,,,,,,,,,,,,,,,,,,,,
